﻿{
  "Iptal": "Iptal",
  "Onay": "Onay",
  "erkekTepkiID": "erkek",
  "kadınTepkiID": "kadin",
  "Tag": "Tag",
  "Cezalandırıldı": "Cezalandirildi",
  "Yasaklandı": "Yasaklandi",
  "Konfeti": "KonfetiGif",
  "Icon": "rubyBit",
  "uyeEmojiID": "uye",
  "sarıYıldız": "sariYildiz",
  "boostluNitro": "boostluNitro",
  "klasikNitro": "klasikNitro",
  "Netflix": "netflix",
  "Spotify": "spotify",
  "Exxen": "exxen",
  "Youtube": "youtube",
  "voiceDeaf": "voiceDeaf",
  "One": "acar_bir",
  "Two": "acar_iki",
  "Three": "acar_uc",
  "Four": "acar_dort",
  "Five": "acar_bes",
  "Six": "acar_alti",
  "Seven": "acar_yedi",
  "Eight": "acar_sekiz",
  "Nine": "acar_dokuz",
  "Zero": "acar_sifir",
  "Terfi": {
    "başlangıçBar": "baslangicBar",
    "başlamaBar": "baslamaBar",
    "doluBar": "doluBar",
    "doluBitişBar": "doluBitisBar",
    "boşBar": "bosBar",
    "boşBitişBar": "bosBitisBar",
    "icon": "miniicon",
    "miniicon": "miniicon"
  },
  "Görev": {
    "OK": "tamamlandi",
    "Sandık": "sandik",
    "Taglı": "tagged",
    "Para": "a_coins",
    "XP": "xp",
    "Ses": "talking",
    "Yetkili": "staff",
    "Kek": "kekcookie",
    "Mesaj": "chating",
    "Altın": "a_golds"
  }
}
